,runtime,overhead,fsize,type
0,0.0007006129315798982,0.0,3762,base
1,0.0012313333859756822,0.7575087904800691,3762,dfsan_unlabeled
2,0.0012619212662023105,0.80116753391441,3762,dfsan
3,0.0012313333859756822,0.7575087904800691,3762,grsan_unlabeled
4,0.0012525229085097126,0.7877530545792879,3762,grsan
