,runtime,overhead,fsize,type
0,0.0016504458983739216,0.0,6310,base
1,0.007388594428698222,3.476726220458198,6310,dfsan_unlabeled
2,0.007386190931002299,3.475269948732908,6310,dfsan
3,0.007388594428698222,3.476726220458198,6310,grsan_unlabeled
4,0.005153771837552388,2.1226542127979284,6310,grsan
