,runtime,overhead,fsize,type
0,0.002862341143589714,0.0,4671,base
1,0.008353884623443799,1.9185496082996734,4671,dfsan_unlabeled
2,0.008377384373666898,1.926759583646507,4671,dfsan
3,0.008353884623443799,1.9185496082996734,4671,grsan_unlabeled
4,0.009307715213783803,2.2517840281297947,4671,grsan
