,runtime,overhead,fsize,type
0,0.0019189356962839763,0.0,6264,base
1,0.0019466311534245809,0.014432717674821974,6264,dfsan_unlabeled
2,0.0019527388016382854,0.017615548775172008,6264,dfsan
3,0.0019466311534245809,0.014432717674821974,6264,grsan_unlabeled
4,0.0019600849151611326,0.02144377164739905,6264,grsan
