,runtime,overhead,fsize,type
0,0.0010009670654932657,0.0,6264,base
1,0.0014276038805643718,0.42622462794104427,6264,dfsan_unlabeled
2,0.001436698277791341,0.4353102387872789,6264,dfsan
3,0.0014276038805643718,0.42622462794104427,6264,grsan_unlabeled
4,0.0014560062487920125,0.4545995557551221,6264,grsan
