,runtime,overhead,fsize,type
0,0.0013193060557047526,0.0,6264,base
1,0.0022960232496261595,0.7403264691297577,6264,dfsan_unlabeled
2,0.0022455312808354697,0.7020548576470698,6264,dfsan
3,0.0022960232496261595,0.7403264691297577,6264,grsan_unlabeled
4,0.002152517000834147,0.6315524297993965,6264,grsan
