,runtime,overhead,fsize,type
0,0.0007587050705251713,0.0,5420,base
1,0.001266840177832725,0.6697399649060279,5420,dfsan_unlabeled
2,0.001281099315938265,0.6885340110505593,5420,dfsan
3,0.001266840177832725,0.6697399649060279,5420,grsan_unlabeled
4,0.002257575186268169,1.9755635937762852,5420,grsan
