,type,runtime,overhead,fsize
0,base,0.0008891181595875082,0.0,3762
1,dfsan_unlabeled,0.001414343132296955,0.5907257286850562,3762
2,dfsan,0.0014523417034925093,0.6334630980502067,3762
3,grsan_unlabeled,0.0014235747681434912,0.6011086409526665,3762
4,grsan,0.0014508086232167868,0.631738827480327,3762
