,type,runtime,overhead,fsize
0,base,0.0016981340646743774,0.0,6310
1,dfsan_unlabeled,0.007193689703941345,3.23623190511802,6310
2,dfsan,0.007194272518157959,3.2365751137190006,6310
3,grsan_unlabeled,0.005229692816734314,2.079670165934233,6310
4,grsan,0.00525685461362203,2.0956652498635604,6310
