,type,runtime,overhead,fsize
0,base,0.00307150218930949,0.0,4671
1,dfsan_unlabeled,0.008575843692591666,1.7920682337262528,4671
2,dfsan,0.008575343268841696,1.7919053089685524,4671
3,grsan_unlabeled,0.010390445813377103,2.3828547638811868,4671
4,grsan,0.010397877325593021,2.385274268005841,4671
