,type,runtime,overhead,fsize
0,base,0.0020949654976526897,0.0,6264
1,dfsan_unlabeled,0.0021305226484934488,0.016972666557324753,6264
2,dfsan,0.002129469672838847,0.01647004460207933,6264
3,grsan_unlabeled,0.0021390295028686523,0.021033284445655165,6264
4,grsan,0.0021527653535207115,0.027589884383673022,6264
