,type,runtime,overhead,fsize
0,base,0.001229994297027588,0.0,8616
1,dfsan_unlabeled,0.0017191367944081625,0.3976786710008652,8616
2,dfsan,0.0017366648117701214,0.4119291576936223,8616
3,grsan_unlabeled,0.001734508752822876,0.41017625611313874,8616
4,grsan,0.001793356696764628,0.4580203348084339,8616
