,type,runtime,overhead,fsize
0,base,0.0011272937854131062,0.0,8616
1,dfsan_unlabeled,0.0022019455830256146,0.9533023347757509,8616
2,dfsan,0.0022102969884872435,0.9607107012279517,8616
3,grsan_unlabeled,0.002187693556149801,0.9406596438816544,8616
4,grsan,0.002193206826845805,0.9455503571698358,8616
