,program,base_runtime,taint_unlabeled_runtime,taint_unlabeled_overhead,grad_unlabeled_runtime,grad_unlabeled_overhead,taint_runtime,taint_overhead,grad_runtime,grad_overhead,relative_overhead
0,zlib,0.00093,0.00146,0.55956,0.00162,0.73302,0.00146,0.56904,0.00173,0.84876,0.17828
1,jpeg,0.00089,0.00141,0.59073,0.00142,0.60111,0.00145,0.63346,0.00145,0.63174,-0.00106
2,mupdf,0.00307,0.00858,1.79207,0.01039,2.38285,0.00858,1.79191,0.01040,2.38527,0.21253
3,libxml,0.00170,0.00719,3.23623,0.00523,2.07967,0.00719,3.23658,0.00526,2.09567,-0.26930
4,readelf,0.00123,0.00172,0.39768,0.00173,0.41018,0.00174,0.41193,0.00179,0.45802,0.03264
5,objdump,0.00209,0.00213,0.01697,0.00214,0.02103,0.00213,0.01647,0.00215,0.02759,0.01094
6,strip,0.00113,0.00220,0.95330,0.00219,0.94066,0.00221,0.96071,0.00219,0.94555,-0.00773
