program,base_runtime,taint_unlabeled_runtime,taint_unlabeled_overhead,grad_unlabeled_runtime,grad_unlabeled_overhead,taint_runtime,taint_overhead,grad_runtime,grad_overhead,relative_overhead
zlib,0.0009336219896005735,0.0014560395973066186,0.5595600934051994,0.0016179836682891423,0.7330179519243709,0.00146488994662448,0.569039678736783,0.0017260456683561357,0.8487628693220696,0.17827668374230585
jpeg,0.0008891181595875082,0.001414343132296955,0.5907257286850562,0.0014235747681434912,0.6011086409526665,0.0014523417034925093,0.6334630980502067,0.0014508086232167868,0.631738827480327,-0.0010555919946633435
mupdf,0.00307150218930949,0.008575843692591666,1.7920682337262528,0.010390445813377103,2.3828547638811868,0.008575343268841696,1.7919053089685524,0.010397877325593021,2.385274268005841,0.21253190684196382
libxml,0.0016981340646743774,0.007193689703941345,3.23623190511802,0.005229692816734314,2.079670165934233,0.007194272518157959,3.2365751137190006,0.00525685461362203,2.0956652498635604,-0.2693000438398726
readelf,0.001229994297027588,0.0017191367944081625,0.3976786710008652,0.001734508752822876,0.41017625611313874,0.0017366648117701214,0.4119291576936223,0.001793356696764628,0.4580203348084339,0.03264411451782839
objdump,0.0020949654976526897,0.0021305226484934488,0.016972666557324753,0.0021390295028686523,0.021033284445655165,0.002129469672838847,0.01647004460207933,0.0021527653535207115,0.027589884383673022,0.010939663043338193
strip,0.0011272937854131062,0.0022019455830256146,0.9533023347757509,0.002187693556149801,0.9406596438816544,0.0022102969884872435,0.9607107012279517,0.002193206826845805,0.9455503571698358,-0.007732065749741272
