,type,runtime,overhead,fsize
0,base,0.0009336219896005735,0.0,5420
1,dfsan_unlabeled,0.0014560395973066186,0.5595600934051994,5420
2,dfsan,0.00146488994662448,0.569039678736783,5420
3,grsan_unlabeled,0.0016179836682891423,0.7330179519243709,5420
4,grsan,0.0017260456683561357,0.8487628693220696,5420
